{
  "accuracy": 0.3888888888888889,
  "macro_f1": 0.3334587487696948,
  "weighted_f1": 0.403991546299532,
  "per_class_f1": {
    "anger": 0.35000000000000003,
    "disgust": 0.12121212121212122,
    "fear": 0.32727272727272727,
    "joy": 0.41818181818181815,
    "neutral": 0.4956772334293948,
    "sadness": 0.4460431654676259,
    "surprise": 0.17582417582417587
  }
}