{
  "image_probe": {
    "accuracy": 0.3253968253968254,
    "macro_f1": 0.18187145566254065,
    "weighted_f1": 0.33052237497020115
  },
  "image_probe_per_class_f1": {
    "anger": 0.08571428571428572,
    "disgust": 0.07936507936507936,
    "fear": 0.1509433962264151,
    "joy": 0.1095890410958904,
    "neutral": 0.5256673511293635,
    "sadness": 0.24489795918367346,
    "surprise": 0.07692307692307693
  },
  "caption_probe": {
    "accuracy": 0.43253968253968256,
    "macro_f1": 0.38599490147130383,
    "weighted_f1": 0.44901208951657035
  },
  "caption_probe_per_class_f1": {
    "anger": 0.2956521739130435,
    "disgust": 0.287292817679558,
    "fear": 0.391304347826087,
    "joy": 0.5142857142857142,
    "neutral": 0.5467625899280576,
    "sadness": 0.375,
    "surprise": 0.2916666666666667
  }
}