{
  "image_probe": {
    "accuracy": 0.23809523809523808,
    "macro_f1": 0.19831045014770746,
    "weighted_f1": 0.258399907762773
  },
  "image_probe_per_class_f1": {
    "anger": 0.23841059602649006,
    "disgust": 0.0759493670886076,
    "fear": 0.15053763440860216,
    "joy": 0.2389937106918239,
    "neutral": 0.3333333333333333,
    "sadness": 0.2777777777777778,
    "surprise": 0.07317073170731707
  },
  "caption_probe": {
    "accuracy": 0.36507936507936506,
    "macro_f1": 0.35328041519792736,
    "weighted_f1": 0.36343608041851233
  },
  "caption_probe_per_class_f1": {
    "anger": 0.4018691588785047,
    "disgust": 0.1758241758241758,
    "fear": 0.38596491228070173,
    "joy": 0.42758620689655175,
    "neutral": 0.33451957295373663,
    "sadness": 0.4852941176470588,
    "surprise": 0.2619047619047619
  }
}