{
  "[concat_project] zeroshot_type1": {
    "R@1": 0.45259392261505127,
    "R@5": 0.6475849747657776,
    "R@10": 0.6887298822402954,
    "MedR": 2.0,
    "MRR": 0.5423280596733093
  },
  "[concat_project] zeroshot_type2": {
    "R@1": 0.003577817464247346,
    "R@5": 0.012522361241281033,
    "R@10": 0.021466905251145363,
    "MedR": 290.0,
    "MRR": 0.01466456986963749
  },
  "[concat_project] custom_type1": {
    "R@1": 0.014311269856989384,
    "R@5": 0.03756708279252052,
    "R@10": 0.06440071761608124,
    "MedR": 170.0,
    "MRR": 0.037341512739658356
  },
  "[concat_project] custom_type2": {
    "R@1": 0.026833631098270416,
    "R@5": 0.06797853112220764,
    "R@10": 0.11627907305955887,
    "MedR": 125.0,
    "MRR": 0.06036893650889397
  },
  "[concat_project] lora_type1": {
    "R@1": 0.5277280807495117,
    "R@5": 0.692307710647583,
    "R@10": 0.7370303869247437,
    "MedR": 1.0,
    "MRR": 0.6057138442993164
  },
  "[concat_project] lora_type2": {
    "R@1": 0.23255814611911774,
    "R@5": 0.4776386320590973,
    "R@10": 0.5796064138412476,
    "MedR": 7.0,
    "MRR": 0.3459832966327667
  },
  "[cross_attention] zeroshot_type1": {
    "R@1": 0.45259392261505127,
    "R@5": 0.6475849747657776,
    "R@10": 0.6887298822402954,
    "MedR": 2.0,
    "MRR": 0.5423280596733093
  },
  "[cross_attention] zeroshot_type2": {
    "R@1": 0.06618962436914444,
    "R@5": 0.11270125210285187,
    "R@10": 0.13237924873828888,
    "MedR": 164.0,
    "MRR": 0.09539590775966644
  },
  "[cross_attention] custom_type1": {
    "R@1": 0.007155634928494692,
    "R@5": 0.05008944496512413,
    "R@10": 0.07155635207891464,
    "MedR": 172.0,
    "MRR": 0.03407437726855278
  },
  "[cross_attention] custom_type2": {
    "R@1": 0.11091234534978867,
    "R@5": 0.1932021528482437,
    "R@10": 0.23792485892772675,
    "MedR": 92.0,
    "MRR": 0.1565636247396469
  },
  "[cross_attention] lora_type1": {
    "R@1": 0.4973166286945343,
    "R@5": 0.683363139629364,
    "R@10": 0.7334526181221008,
    "MedR": 2.0,
    "MRR": 0.5848023891448975
  },
  "[cross_attention] lora_type2": {
    "R@1": 0.27370303869247437,
    "R@5": 0.4615384638309479,
    "R@10": 0.5438282489776611,
    "MedR": 7.0,
    "MRR": 0.36456671357154846
  },
  "[add] zeroshot_type1": {
    "R@1": 0.45259392261505127,
    "R@5": 0.6475849747657776,
    "R@10": 0.6887298822402954,
    "MedR": 2.0,
    "MRR": 0.5423280596733093
  },
  "[add] zeroshot_type2": {
    "R@1": 0.19677996635437012,
    "R@5": 0.3076923191547394,
    "R@10": 0.3542039394378662,
    "MedR": 31.0,
    "MRR": 0.2577417492866516
  },
  "[add] custom_type1": {
    "R@1": 0.007155634928494692,
    "R@5": 0.041144900023937225,
    "R@10": 0.057245079427957535,
    "MedR": 178.0,
    "MRR": 0.030514445155858994
  },
  "[add] custom_type2": {
    "R@1": 0.11627907305955887,
    "R@5": 0.19499105215072632,
    "R@10": 0.25044721364974976,
    "MedR": 76.0,
    "MRR": 0.1619984209537506
  },
  "[add] lora_type1": {
    "R@1": 0.4955277144908905,
    "R@5": 0.6797853112220764,
    "R@10": 0.7334526181221008,
    "MedR": 2.0,
    "MRR": 0.5832158923149109
  },
  "[add] lora_type2": {
    "R@1": 0.5330948233604431,
    "R@5": 0.703041136264801,
    "R@10": 0.7620751261711121,
    "MedR": 1.0,
    "MRR": 0.6070464253425598
  },
  "[weighted_sum] zeroshot_type1": {
    "R@1": 0.45259392261505127,
    "R@5": 0.6475849747657776,
    "R@10": 0.6887298822402954,
    "MedR": 2.0,
    "MRR": 0.5423280596733093
  },
  "[weighted_sum] zeroshot_type2": {
    "R@1": 0.3685151934623718,
    "R@5": 0.5688729882240295,
    "R@10": 0.6100178956985474,
    "MedR": 3.0,
    "MRR": 0.4566161334514618
  },
  "[weighted_sum] custom_type1": {
    "R@1": 0.007155634928494692,
    "R@5": 0.041144900023937225,
    "R@10": 0.057245079427957535,
    "MedR": 178.0,
    "MRR": 0.030514445155858994
  },
  "[weighted_sum] custom_type2": {
    "R@1": 0.09660107642412186,
    "R@5": 0.1627907007932663,
    "R@10": 0.21824686229228973,
    "MedR": 103.0,
    "MRR": 0.14186307787895203
  },
  "[weighted_sum] lora_type1": {
    "R@1": 0.4955277144908905,
    "R@5": 0.6797853112220764,
    "R@10": 0.7334526181221008,
    "MedR": 2.0,
    "MRR": 0.5832158923149109
  },
  "[weighted_sum] lora_type2": {
    "R@1": 0.5813953280448914,
    "R@5": 0.7406082153320312,
    "R@10": 0.7728086113929749,
    "MedR": 1.0,
    "MRR": 0.654578447341919
  },
  "[gated] zeroshot_type1": {
    "R@1": 0.45259392261505127,
    "R@5": 0.6475849747657776,
    "R@10": 0.6887298822402954,
    "MedR": 2.0,
    "MRR": 0.5423280596733093
  },
  "[gated] zeroshot_type2": {
    "R@1": 0.1556350588798523,
    "R@5": 0.27191412448883057,
    "R@10": 0.3291592001914978,
    "MedR": 40.0,
    "MRR": 0.21558493375778198
  },
  "[gated] custom_type1": {
    "R@1": 0.010733452625572681,
    "R@5": 0.042933810502290726,
    "R@10": 0.06976744532585144,
    "MedR": 177.0,
    "MRR": 0.034505218267440796
  },
  "[gated] custom_type2": {
    "R@1": 0.12343470752239227,
    "R@5": 0.19499105215072632,
    "R@10": 0.24865831434726715,
    "MedR": 66.0,
    "MRR": 0.16879120469093323
  },
  "[gated] lora_type1": {
    "R@1": 0.5295169949531555,
    "R@5": 0.692307710647583,
    "R@10": 0.7388193011283875,
    "MedR": 1.0,
    "MRR": 0.6063536405563354
  },
  "[gated] lora_type2": {
    "R@1": 0.5617173314094543,
    "R@5": 0.7245080471038818,
    "R@10": 0.7781752943992615,
    "MedR": 1.0,
    "MRR": 0.6379534006118774
  }
}